Workbook

Sheet zadání

Sheet rozdělení obchodníků
B2: ID prodejce | C2: Obchodník | D2: Region | E2: Nástup
B3: P032 | C3: Veselá | D3: Čechy | E3: 45962
B4: P002 | C4: Tuček | D4: Praha | E4: 45901
B5: P088 | C5: Holý | D5: Čechy | E5: 45809
B6: P222 | C6: Tvrdík | D6: Morava | E6: 45809
B7: P112 | C7: Nebohý | D7: Morava | E7: 45809
B8: P007 | C8: Šlajs | D8: Praha | E8: 45809
B9: P083 | C9: Kabik | D9: Čechy | E9: 45778
B10: P023 | C10: Novák | D10: Praha | E10: 45748
B11: P081 | C11: Hu Dyong | D11: Čechy | E11: 45748
B12: P089 | C12: Valleryj | D12: Praha | E12: 45748
B13: P059 | C13: Chudý | D13: Čechy | E13: 45717
B14: P008 | C14: Marvan | D14: Čechy | E14: 45717
... B34: P063 | C34: Zouvar | D34: Praha | E34: 44958

Sheet prodeje
B2: Datum | C2: Měsíc | D2: ID prodeje | E2: Skupina produktů | F2: typ fondu | G2: typ | H2: ID prodejce | I2: region | J2: výše investice
B3: 45925 | C3: =MONTH(B3) -> 9 | D3: 20220003926 | E3: investice | F3: Konzervativní fond | G3: nákup | H3: P023 | I3: =VLOOKUP(H3,'rozdělení obchodníků'!B:D,3, ) -> Praha | J3: 100000
B4: 45925 | C4: =MONTH(B4) -> 9 | D4: 20220003929 | E4: investice | F4: Konzervativní fond | G4: nákup | H4: P072 | I4: =VLOOKUP(H4,'rozdělení obchodníků'!B:D,3, ) -> Praha | J4: 100000
B5: 45925 | C5: =MONTH(B5) -> 9 | D5: 20220003932 | E5: investice | F5: Konzervativní fond | G5: nákup | H5: P072 | I5: =VLOOKUP(H5,'rozdělení obchodníků'!B:D,3, ) -> Praha | J5: 1500000
B6: 45925 | C6: =MONTH(B6) -> 9 | D6: 20220003935 | E6: investice | F6: Konzervativní fond | G6: nákup | H6: P072 | I6: =VLOOKUP(H6,'rozdělení obchodníků'!B:D,3, ) -> Praha | J6: 1500000
B7: 45928 | C7: =MONTH(B7) -> 9 | D7: 20220003938 | E7: investice | F7: Konzervativní fond | G7: nákup | H7: P072 | I7: =VLOOKUP(H7,'rozdělení obchodníků'!B:D,3, ) -> Praha | J7: 500000
B8: 45928 | C8: =MONTH(B8) -> 9 | D8: 20220003941 | E8: investice | F8: Konzervativní fond | G8: nákup | H8: P020 | I8: =VLOOKUP(H8,'rozdělení obchodníků'!B:D,3, ) -> Praha | J8: 500000
B9: 45928 | C9: =MONTH(B9) -> 9 | D9: 20220003944 | E9: investice | F9: Konzervativní fond | G9: nákup | H9: P020 | I9: =VLOOKUP(H9,'rozdělení obchodníků'!B:D,3, ) -> Praha | J9: 1000000
B10: 45928 | C10: =MONTH(B10) -> 9 | D10: 20220003947 | E10: investice | F10: Akciový fond | G10: nákup | H10: P037 | I10: =VLOOKUP(H10,'rozdělení obchodníků'!B:D,3, ) -> Praha | J10: 100000
B11: 45929 | C11: =MONTH(B11) -> 9 | D11: 20220003950 | E11: investice | F11: Akciový fond | G11: nákup | H11: P031 | I11: =VLOOKUP(H11,'rozdělení obchodníků'!B:D,3, ) -> Čechy | J11: 1000000
B12: 45930 | C12: =MONTH(B12) -> 9 | D12: 20220012561 | E12: investice | F12: Konzervativní fond | G12: nákup | H12: P059 | I12: =VLOOKUP(H12,'rozdělení obchodníků'!B:D,3, ) -> Čechy | J12: 250000
B13: 45930 | C13: =MONTH(B13) -> 9 | D13: 20220012563 | E13: investice | F13: Vyvážený fond | G13: nákup | H13: P059 | I13: =VLOOKUP(H13,'rozdělení obchodníků'!B:D,3, ) -> Čechy | J13: 1500000
B14: 45930 | C14: =MONTH(B14) -> 9 | D14: 20220012565 | E14: investice | F14: Akciový fond | G14: nákup | H14: P059 | I14: =VLOOKUP(H14,'rozdělení obchodníků'!B:D,3, ) -> Čechy | J14: 450000
... B520: 45964 | C520: =MONTH(B520) -> 11 | D520: 20220014079 | E520: investice | F520: Vyvážený fond | G520: nákup | H520: P088 | I520: =VLOOKUP(H520,'rozdělení obchodníků'!B:D,3, ) -> Čechy | J520: 1000000

Sheet Obchodní plán
B3: Prodejní plán
B5: Měsíc | C5: Region | D5: Výše plánu prodejů
B6: 45931 | C6: Praha | D6: 100000000
B7: 45931 | C7: Morava | D7: 80000000
B8: 45931 | C8: Čechy | D8: 75000000
B9: 45962 | C9: Praha | D9: 120000000
B10: 45962 | C10: Morava | D10: 100000000
B11: 45962 | C11: Čechy | D11: 95000000
B12: 45992 | C12: Praha | D12: 80000000
B13: 45992 | C13: Morava | D13: 60000000
B14: 45992 | C14: Čechy | D14: 50000000

Sheet Pivot Table_prodeje_1
B2: Měsíc | C2: 10 | H2: Měsíc | I2: 10
B3: typ | C3: nákup | H3: typ | I3: nákup
B5: region | C5: ID prodejce | D5: Sum - výše investice | E5: Plán | F5: Plnění | H5: region | I5: Sum - výše investice | J5: Plán | K5: Plnění
B6: Čechy | C6: P008 | D6: 4700000 | E6: 7500000 | F6: =D6/E6 -> 0.62666667 | H6: Čechy | I6: 61500000 | J6: 75000000 | K6: =I6/J6 -> 0.82
C7: P031 | D7: 5350000 | E7: 7500000 | F7: =D7/E7 -> 0.71333333 | H7: Morava | I7: 93000000 | J7: 80000000 | K7: =I7/J7 -> 1.1625
C8: P035 | D8: 2300000 | E8: 7500000 | F8: =D8/E8 -> 0.30666667 | H8: Praha | I8: 106600000 | J8: 100000000 | K8: =I8/J8 -> 1.066
C9: P040 | D9: 15700000 | E9: 7500000 | F9: =D9/E9 -> 2.0933333 | H9: Total Result | I9: 261100000 | J9: =SUM(J6:J8) -> 255000000 | K9: =I9/J9 -> 1.0239216
C10: P081 | D10: 12700000 | E10: 7500000 | F10: =D10/E10 -> 1.6933333
C11: P083 | D11: 6750000 | E11: 7500000 | F11: =D11/E11 -> 0.9
C12: P088 | D12: 9050000 | E12: 7500000 | F12: =D12/E12 -> 1.2066667
C13: P136 | D13: 4950000 | E13: 7500000 | F13: =D13/E13 -> 0.66
B14: Morava | C14: P005 | D14: 950000 | E14: 8000000 | F14: =D14/E14 -> 0.11875
C15: P043 | D15: 30750000 | E15: 8000000 | F15: =D15/E15 -> 3.84375
C16: P073 | D16: 22600000 | E16: 8000000 | F16: =D16/E16 -> 2.825
C17: P111 | D17: 10700000 | E17: 8000000 | F17: =D17/E17 -> 1.3375
C18: P112 | D18: 7200000 | E18: 8000000 | F18: =D18/E18 -> 0.9
C19: P113 | D19: 4550000 | E19: 8000000 | F19: =D19/E19 -> 0.56875
C20: P127 | D20: 1200000 | E20: 8000000 | F20: =D20/E20 -> 0.15
C21: P220 | D21: 1600000 | E21: 8000000 | F21: =D21/E21 -> 0.2
C22: P222 | D22: 13450000 | E22: 8000000 | F22: =D22/E22 -> 1.68125
B23: Praha | C23: P002 | D23: 11750000 | E23: 10000000 | F23: =D23/E23 -> 1.175
C24: P007 | D24: 8550000 | E24: 10000000 | F24: =D24/E24 -> 0.855
C25: P020 | D25: 4600000 | E25: 10000000 | F25: =D25/E25 -> 0.46
C26: P023 | D26: 8000000 | E26: 10000000 | F26: =D26/E26 -> 0.8
C27: P037 | D27: 8450000 | E27: 10000000 | F27: =D27/E27 -> 0.845
C28: P058 | D28: 9350000 | E28: 10000000 | F28: =D28/E28 -> 0.935
C29: P063 | D29: 3650000 | E29: 10000000 | F29: =D29/E29 -> 0.365
C30: P072 | D30: 20250000 | E30: 10000000 | F30: =D30/E30 -> 2.025
C31: P089 | D31: 28550000 | E31: 10000000 | F31: =D31/E31 -> 2.855
C32: P102 | D32: 3450000 | E32: 10000000 | F32: =D32/E32 -> 0.345
B33: Total Result | D33: 261100000

Sheet tabulky plneni
A1: region | B1: ID prodejce | C1: Sum - výše investice | D1: Plán | E1: Plnění
A2: Čechy | B2: P008 | C2: 4700000 | D2: 7500000 | E2: =C2/D2 -> 0.62666667
A3: Čechy | B3: P031 | C3: 5350000 | D3: 7500000 | E3: =C3/D3 -> 0.71333333
A4: Čechy | B4: P035 | C4: 2300000 | D4: 7500000 | E4: =C4/D4 -> 0.30666667
A5: Čechy | B5: P040 | C5: 15700000 | D5: 7500000 | E5: =C5/D5 -> 2.0933333
A6: Čechy | B6: P081 | C6: 12700000 | D6: 7500000 | E6: =C6/D6 -> 1.6933333
A7: Čechy | B7: P083 | C7: 6750000 | D7: 7500000 | E7: =C7/D7 -> 0.9
A8: Čechy | B8: P088 | C8: 9050000 | D8: 7500000 | E8: =C8/D8 -> 1.2066667
A9: Čechy | B9: P059 | C9: 0 | D9: 7500000 | E9: =C9/D9 -> 0
A10: Čechy | B10: P021 | C10: 0 | D10: 7500000 | E10: =C10/D10 -> 0
A11: Čechy | B11: P136 | C11: 4950000 | D11: 7500000 | E11: =C11/D11 -> 0.66
A12: Morava | B12: P005 | C12: 950000 | D12: 8000000 | E12: =C12/D12 -> 0.11875
A13: Morava | B13: P043 | C13: 30750000 | D13: 8000000 | E13: =C13/D13 -> 3.84375
... A32: Praha | B32: P102 | C32: 3450000 | D32: 10000000 | E32: =C32/D32 -> 0.345
